country,name,extra_info,duration,duration_int,validity,price,application,embassy,fr_diplomacy
Antigua-et-Barbuda,Exemption de visa,,42 jours,42,–,Gratuit,,,https://www.diplomatie.gouv.fr/fr/conseils-aux-voyageurs/conseils-par-pays/antigua-et-barbuda/#entree
Argentine,Exemption de visa,,90 jours,90,–,Gratuit,,http://www.efran.mrecic.gov.ar/fr,https://www.diplomatie.gouv.fr/fr/conseils-aux-voyageurs/conseils-par-pays/argentine/#entree
Bahamas,Exemption de visa,"Attention, si vous transitez par les États-Unis, il faudra faire par avance leur autorisation de voyage électronique, l'ESTA",90 jours,90,–,Gratuit,,,https://www.diplomatie.gouv.fr/fr/conseils-aux-voyageurs/conseils-par-pays/bahamas/#entree
Barbade,Exemption de visa,"Attention, si vous transitez par les États-Unis, il faudra faire par avance leur autorisation de voyage électronique, l'ESTA",90 jours,90,–,Gratuit,,,https://www.diplomatie.gouv.fr/fr/conseils-aux-voyageurs/conseils-par-pays/barbade/#entree
Belize,Exemption de visa,"Attention, si vous transitez par les États-Unis, il faudra faire par avance leur autorisation de voyage électronique, l'ESTA",30 jours,30,–,Gratuit,,,https://www.diplomatie.gouv.fr/fr/conseils-aux-voyageurs/conseils-par-pays/belize/#entree
Bolivie,Exemption de visa,,"90 jours. Il est possible que le douanier ne vous accorde que 30 jours. Si vous comptez rester plus de 30 jours, précisez le",90,–,Gratuit,,https://www.emboliviafrancia.fr/index.php/fr/,https://www.diplomatie.gouv.fr/fr/conseils-aux-voyageurs/conseils-par-pays/bolivie/#entree
Brésil,Exemption de visa,,90 jours,90,–,Gratuit,,http://cgparis.itamaraty.gov.br/fr/,https://www.diplomatie.gouv.fr/fr/conseils-aux-voyageurs/conseils-par-pays/bresil/#entree
Canada,Autorisation de voyage électronique (AVE),Il n'est pas nécessaire d'avoir un AVE si vous entrez au Canada par voie terrestre ou maritime.,6 mois,180,5 ans,7 $,https://www.canada.ca/fr/immigration-refugies-citoyennete/services/visiter-canada/ave/demande.html,http://www.cic.gc.ca/francais/visiter/visas.asp?_ga=2.223592283.1373002322.1518790713-1101877100.1518790713,https://www.diplomatie.gouv.fr/fr/conseils-aux-voyageurs/conseils-par-pays/canada-quebec-compris/#entree
Chili,Exemption de visa,,90 jours,90,–,Gratuit,,http://www.cgparis.cl/index_245.htm,https://www.diplomatie.gouv.fr/fr/conseils-aux-voyageurs/conseils-par-pays/colombie/#entree
Colombie,Visa à l’arrivée,,90 jours,90,–,Gratuit,,http://paris.consulado.gov.co/,https://www.diplomatie.gouv.fr/fr/conseils-aux-voyageurs/conseils-par-pays/colombie/#entree
Costa Rica,Exemption de visa,"Attention, si vous transitez par les États-Unis, il faudra faire par avance leur autorisation de voyage électronique, l'ESTA",90 jours,90,,Taxe de départ de 27 $ si vous quittez le Costa Rica par l’aéroport international.Gratuit,,http://www.ambassade-costarica.org/,https://www.diplomatie.gouv.fr/fr/conseils-aux-voyageurs/conseils-par-pays/costa-rica/#entree
Cuba,Carte de tourisme,Délivrée par le consulat de Cuba à Paris ou les tour operators agréés,30 jours,30,6 mois,25€,,http://misiones.minrex.gob.cu/sites/default/files/formularios/editorfrancia/visas_touristiques.pdf,https://www.diplomatie.gouv.fr/fr/conseils-aux-voyageurs/conseils-par-pays/cuba/#entree
République dominicaine,Carte de tourisme,Délivrée en ligne ou à l'entrée sur le territoire. Parfois incluse dans le billet d’avion,90 jours,90,–,"Carte de tourisme : 10 $
Taxe de départ : 20 $",https://www.dgii.gov.do/TturistaWeb/Order-fr,http://www.embajadadominicanaenfrancia.com/,https://www.diplomatie.gouv.fr/fr/conseils-aux-voyageurs/conseils-par-pays/republique-dominicaine/#entree
Dominique,Visa à l’arrivée,,30 jours,30,–,Gratuit,,,https://www.diplomatie.gouv.fr/fr/conseils-aux-voyageurs/conseils-par-pays/dominique/#entree
Équateur,Exemption de visa,,90 jours,90,–,Gratuit,,http://francia.embajada.gob.ec/,https://www.diplomatie.gouv.fr/fr/conseils-aux-voyageurs/conseils-par-pays/equateur/#entree
États-Unis,Autorisation de voyage éléctronique (ESTA),,90 jours,90,2 ans,14 $,https://esta.cbp.dhs.gov/esta/,https://fr.usembassy.gov/fr/,https://www.diplomatie.gouv.fr/fr/conseils-aux-voyageurs/conseils-par-pays/etats-unis/#entree
Grenade,Visa à l’arrivée ,"Attention, si vous transitez par les États-Unis, il faudra faire par avance leur autorisation de voyage électronique, l'ESTA",Jusqu’à la date de départ prévue sur le billet de retour,,–,Gratuit,,,https://www.diplomatie.gouv.fr/fr/conseils-aux-voyageurs/conseils-par-pays/grenade/#entree
Guatemala,Exemption de visa,"Attention, si vous transitez par les États-Unis, il faudra faire par avance leur autorisation de voyage électronique, l'ESTA","Membre de l’accord de circulation C4, espace commun comprenant le Honduras, le Guatemala, le Nicaragua et le Salvador. La durée totale d’un séjour continu sans visa dans les 4 pays ne peut excéder 90 jours.90 jours",90,–,Gratuit,,,https://www.diplomatie.gouv.fr/fr/conseils-aux-voyageurs/conseils-par-pays/guatemala/#entree
Guyane,Exemption de visa,,90 jours,90,–,Gratuit,,,https://www.diplomatie.gouv.fr/fr/conseils-aux-voyageurs/conseils-par-pays/guyana/#entree
Haïti,Visa à l’arrivée,,90 jours,90,–,Taxe touristique10 $,,http://www.ambassadehaitifrance.org/visa-passeport-haiti.php,https://www.diplomatie.gouv.fr/fr/conseils-aux-voyageurs/conseils-par-pays/haiti/#entree
Honduras,Exemption de visa,,"Membre de l’accord de circulation C4, espace commun comprenant le Honduras, le Guatemala, le Nicaragua et le Salvador. La durée totale d’un séjour continu sans visa dans les 4 pays ne peut excéder 90 jours",90,–,Taxe de départ de 35 $ si vous quittez le Honduras par l’aéroport international.Gratuit,,http://inm.gob.hn/,https://www.diplomatie.gouv.fr/fr/conseils-aux-voyageurs/conseils-par-pays/honduras/#entree
Jamaïque,Exemption de visa,,30 jours,30,–,Gratuit,,,https://www.diplomatie.gouv.fr/fr/conseils-aux-voyageurs/conseils-par-pays/jamaique/#entree
Mexique,Exemption de visa,,180 jours,180,–,Gratuit,,https://embamex.sre.gob.mx/francia/index.php/fr/7-servicios-consulares/servicios-consulares,https://www.diplomatie.gouv.fr/fr/conseils-aux-voyageurs/conseils-par-pays/mexique/#entree
Nicaragua,Exemption de visa,"Attention, si vous transitez par les États-Unis, il faudra faire par avance leur autorisation de voyage électronique, l'ESTA","Membre de l’accord de circulation C4, espace commun comprenant le Honduras, le Guatemala, le Nicaragua et le Salvador. La durée totale d’un séjour continu sans visa dans les 4 pays ne peut excéder 90 jours",90,–,"Si vous quittez le Nicaragua par voie terrestre, vous devrez payer une taxe de départ de 35 $. Si vous partez par avion, elle est normalement comprise dans le prix de votre billet.Taxe d’entrée : 10 $",,,https://www.diplomatie.gouv.fr/fr/conseils-aux-voyageurs/conseils-par-pays/nicaragua/#entree
Panama,Exemption de visa,"Attention, si vous transitez par les États-Unis, il faudra faire par avance leur autorisation de voyage électronique, l'ESTA",90 jours,90,–,"Taxe d'aéroport de 40 $, souvent incluse dans le prix du billet d'avionGratuit",,https://embajadadepanamaenfrancia.fr/,https://www.diplomatie.gouv.fr/fr/conseils-aux-voyageurs/conseils-par-pays/panama/#entree
Paraguay,Exemption de visa,,90 jours,90,–,Gratuit,,,https://www.diplomatie.gouv.fr/fr/conseils-aux-voyageurs/conseils-par-pays/paraguay/#entree
Pérou,Exemption de visa,,"En général, vous aurez 2 mois par défaut à votre arrivée, mais vous pouvez demander 3 ou 6 mois",60,–,"Gratuit, mais l'amende n'est que de 1 $ par jour supplémentaire",,http://www.consulado.pe/es/paris/tramite/Paginas/visas.aspx,https://www.diplomatie.gouv.fr/fr/conseils-aux-voyageurs/conseils-par-pays/perou/#entree
Saint-Christophe-et-Niévès,Exemption de visa,,30 jours,30,–,Gratuit,,,https://www.diplomatie.gouv.fr/fr/conseils-aux-voyageurs/conseils-par-pays/saint-christophe-et-nieves/#entree
Sainte-Lucie,Exemption de visa,,42 jours,42,–,Gratuit,,,https://www.diplomatie.gouv.fr/fr/conseils-aux-voyageurs/conseils-par-pays/sainte-lucie/#entree
Saint-Vincent-et-les-Grenadines,Exemption de visa,,30 jours,30,–,Gratuit,,,https://www.diplomatie.gouv.fr/fr/conseils-aux-voyageurs/conseils-par-pays/saint-vincent-et-les-grenadines/#entree
Salvador,Exemption de visa,"Attention, si vous transitez par les États-Unis, il faudra faire par avance leur autorisation de voyage électronique, l'ESTA","Membre de l’accord de circulation C4, espace commun comprenant le Honduras, le Guatemala, le Nicaragua et le Salvador. La durée totale d’un séjour continu sans visa dans les 4 pays ne peut excéder 90 jours.",90,–,Gratuit,,,https://www.diplomatie.gouv.fr/fr/conseils-aux-voyageurs/conseils-par-pays/salvador/#entree
Surinam,Carte touristique,"Délivrée à l'aéroport, à l'ambassade à Paris ou au consulat-général en Guyane",90 jours,90,–,30€,,,https://www.diplomatie.gouv.fr/fr/conseils-aux-voyageurs/conseils-par-pays/suriname/#entree
Trinité et Tobago,Exemption de visa,,90 jours,90,–,Gratuit,,,https://www.diplomatie.gouv.fr/fr/conseils-aux-voyageurs/conseils-par-pays/trinite-et-tobago/#entree
Uruguay,Exemption de visa,,90 jours,90,–,Gratuit,,,https://www.diplomatie.gouv.fr/fr/conseils-aux-voyageurs/conseils-par-pays/uruguay/#entree
Venezuela,Exemption de visa,,90 jours,90,–,Gratuit,,,https://www.diplomatie.gouv.fr/fr/conseils-aux-voyageurs/conseils-par-pays/venezuela/#entree
Afghanistan,Visa simple entrée,,2 mois,60,,70€,,http://ambafghanistan-fr.com/visas/,https://www.diplomatie.gouv.fr/fr/conseils-aux-voyageurs/conseils-par-pays/afghanistan/#
Arabie Saoudite,Pays très fermé. Il n'existe pas de visa de tourisme.,"Il faut être pèlerin, être invité pour le travail, ou avoir de la famille sur place pour entrer dans le pays",,,,,,http://embassies.mofa.gov.sa/sites/France/FR/Pages/default.aspx,https://www.diplomatie.gouv.fr/fr/conseils-aux-voyageurs/conseils-par-pays/arabie-saoudite/#entree
Arménie,Exemption de visa,,180 jours,180,,Gratuit,,http://france.mfa.am/fr/visa/,"Ambassade
Routard"
Azerbaïdjan,E-visa,,30 jours,30,3 mois,23€,https://evisa.gov.az/en/,http://paris.mfa.gov.az/parent/44,https://www.diplomatie.gouv.fr/fr/conseils-aux-voyageurs/conseils-par-pays/azerbaidjan/#entree
Azerbaïdjan,Visa simple entrée,,30 jours,30,3 mois,35€,https://evisa.gov.az/en/,http://paris.mfa.gov.az/parent/45,https://www.diplomatie.gouv.fr/fr/conseils-aux-voyageurs/conseils-par-pays/azerbaidjan/#entree
Bahreïn,Visa simple entrée,,1 semaine,7,3 mois,10€,,,https://www.diplomatie.gouv.fr/fr/conseils-aux-voyageurs/conseils-par-pays/bahrein/#entree
Bangladesh,Visa à l’arrivée,,30 jours,30,–,,,http://www.bangladoot-paris.org/index.php/nvr-visa-info-and-procedure.html,https://www.diplomatie.gouv.fr/fr/conseils-aux-voyageurs/conseils-par-pays/bangladesh/#entree
Bangladesh,Visa simple entrée,,30 jours,30,3 mois,60€,,http://www.bangladoot-paris.org/index.php/nvr-visa-info-and-procedure.html,https://www.diplomatie.gouv.fr/fr/conseils-aux-voyageurs/conseils-par-pays/bangladesh/#entree
Bangladesh,Visa multi-entrées,,30 jours,30,3 mois,100€,,http://www.bangladoot-paris.org/index.php/nvr-visa-info-and-procedure.html,https://www.diplomatie.gouv.fr/fr/conseils-aux-voyageurs/conseils-par-pays/bangladesh/#entree
Bhoutan,Visa simple entrée,,15 jours,15,,20 $ + package minimum 200 à 250 $ par jour,,,https://www.diplomatie.gouv.fr/fr/conseils-aux-voyageurs/conseils-par-pays/bhoutan/#entree
Birmanie ou Myanmar,E-visa,,28 jours,28,3 mois,50 $,,http://evisa.moip.gov.mm/,https://www.diplomatie.gouv.fr/fr/conseils-aux-voyageurs/conseils-par-pays/birmanie/#entree
Birmanie ou Myanmar,Visa simple entrée,,28 jours,28,3 mois,70€,,http://evisa.moip.gov.mm/,https://www.diplomatie.gouv.fr/fr/conseils-aux-voyageurs/conseils-par-pays/birmanie/#entree
Brunei,Exemption de visa,,30 jours,30,–,Gratuit,,,https://www.diplomatie.gouv.fr/fr/conseils-aux-voyageurs/conseils-par-pays/brunei/#entree
Brunei,Visa simple entrée,,30 jours,30,3 mois,9€,,,https://www.diplomatie.gouv.fr/fr/conseils-aux-voyageurs/conseils-par-pays/brunei/#entree
Cambodge,E-visa,Ne permet pas l’entrée par tous les postes-frontière terrestres.,30 jours,30,3 mois,37 $,https://www.evisa.gov.kh,https://www.ambcambodgeparis.info/?q=visa-entree-cambodge,https://www.diplomatie.gouv.fr/fr/conseils-aux-voyageurs/conseils-par-pays/cambodge/#entree
Cambodge,Visa à l’arrivée,,30 jours,30,–,30 $,https://www.evisa.gov.kh,https://www.ambcambodgeparis.info/?q=visa-entree-cambodge,https://www.diplomatie.gouv.fr/fr/conseils-aux-voyageurs/conseils-par-pays/cambodge/#entree
Cambodge,Visa simple entrée,,30 jours,30,3 mois,35€,https://www.evisa.gov.kh,https://www.ambcambodgeparis.info/?q=visa-entree-cambodge,https://www.diplomatie.gouv.fr/fr/conseils-aux-voyageurs/conseils-par-pays/cambodge/#entree
Chine,Visa simple entrée,,30 jours,30,3 mois,126 € dans un centre de demande des visas - 60 € dans un consulat126 €,,http://www.amb-chine.fr/fra/zgzfg/zgsg/lsb/qzyw/,https://www.diplomatie.gouv.fr/fr/conseils-aux-voyageurs/conseils-par-pays/chine/#entree
Chine,Visa deux entrées,,30 jours,30,3 mois,126 € dans un centre de demande des visas - 60 € dans un consulat126 €,,http://www.amb-chine.fr/fra/zgzfg/zgsg/lsb/qzyw/,https://www.diplomatie.gouv.fr/fr/conseils-aux-voyageurs/conseils-par-pays/chine/#entree
Corée du Nord,Visa simple entrée,Il est obligatoire de passer par un circuit organisé,5 jours,5,,30€,,http://www.koreakonsult.com/,https://www.diplomatie.gouv.fr/fr/conseils-aux-voyageurs/conseils-par-pays/coree-du-nord/#entree
Corée du Sud,Exemption de visa,,90 jours,90,–,Gratuit,,http://overseas.mofa.go.kr/fr-fr/wpge/m_9488/contents.do,https://www.diplomatie.gouv.fr/fr/conseils-aux-voyageurs/conseils-par-pays/coree-du-sud/#entree
Émirats Arabes Unis,Exemption de visa,,90 jours,90,6 mois,Gratuit,,,https://www.diplomatie.gouv.fr/fr/conseils-aux-voyageurs/conseils-par-pays/emirats-arabes-unis/#entree
Géorgie,Exemption de visa,,1 an,364,–,Gratuit,,http://france.mfa.gov.ge/default.aspx?sec_id=410&lang=5,https://www.diplomatie.gouv.fr/fr/conseils-aux-voyageurs/conseils-par-pays/georgie/#entree
Inde,E-visa double entrée.,Ne permet pas l'entrée par voie terrestre,30 jours,30,30 jours. Le e-visa ne peut pas être réclamé plus de 120 jours avant le départ.,"Non remboursables en cas d'échec de la procédure10 $ d’avril à juin
25 $ de juillet à mars",https://indianvisaonline.gov.in/visa/index.html,http://vfsglobal.com/india/france/,https://www.diplomatie.gouv.fr/fr/conseils-aux-voyageurs/conseils-par-pays/inde/#entree
Inde,E-visa multi-entrées,Ne permet pas l'entrée par voie terrestre,90 jours,90,1 an. Le e-visa ne peut pas être réclamé plus de 120 jours avant le départ.,Non remboursables en cas d'échec de la procédure40 $,https://indianvisaonline.gov.in/visa/index.html,http://vfsglobal.com/india/france/,https://www.diplomatie.gouv.fr/fr/conseils-aux-voyageurs/conseils-par-pays/inde/#entree
Inde,E-visa multi-entrées,Ne permet pas l'entrée par voie terrestre,90 jours,90,5 ans. Le e-visa ne peut pas être réclamé plus de 120 jours avant le départ.,Non remboursables en cas d'échec de la procédure80 $,https://indianvisaonline.gov.in/visa/index.html,http://vfsglobal.com/india/france/,https://www.diplomatie.gouv.fr/fr/conseils-aux-voyageurs/conseils-par-pays/inde/#entree
Inde,Visa multi-entrées,,90 jours,90,3 mois,104€,https://indianvisaonline.gov.in/visa/index.html,http://vfsglobal.com/india/france/,https://www.diplomatie.gouv.fr/fr/conseils-aux-voyageurs/conseils-par-pays/inde/#entree
Inde,Visa multi-entrées,,90 jours,90,6 mois,104€,https://indianvisaonline.gov.in/visa/index.html,http://vfsglobal.com/india/france/,https://www.diplomatie.gouv.fr/fr/conseils-aux-voyageurs/conseils-par-pays/inde/#entree
Inde,Visa multi-entrées,,90 jours,90,1 an,104€,https://indianvisaonline.gov.in/visa/index.html,http://vfsglobal.com/india/france/,https://www.diplomatie.gouv.fr/fr/conseils-aux-voyageurs/conseils-par-pays/inde/#entree
Indonésie,Exemption de visa,,30 jours,30,–,Gratuit,,https://kemlu.go.id/paris/lc/pages/visa_/532/etc-menu,https://www.diplomatie.gouv.fr/fr/conseils-aux-voyageurs/conseils-par-pays/indonesie/#entree
Indonésie,Visa à l’arrivée,,30 jours,30,–,35 $,,https://kemlu.go.id/paris/lc/pages/visa_/532/etc-menu,https://www.diplomatie.gouv.fr/fr/conseils-aux-voyageurs/conseils-par-pays/indonesie/#entree
Indonésie,Visa simple entrée,,60 jours,60,3 mois,60€,,https://kemlu.go.id/paris/lc/pages/visa_/532/etc-menu,https://www.diplomatie.gouv.fr/fr/conseils-aux-voyageurs/conseils-par-pays/indonesie/#entree
Irak,Visa simple entrée,,30 jours,30,1 mois,40€,,,https://www.diplomatie.gouv.fr/fr/conseils-aux-voyageurs/conseils-par-pays/irak/#entree
Iran,E-visa,Ne permet pas l'entrée par voie terrestre,30 jours,30,3 mois,75€,https://e_visa.mfa.ir/en/,,https://www.diplomatie.gouv.fr/fr/conseils-aux-voyageurs/conseils-par-pays/iran/#entree
Iran,Visa simple entrée,,30 jours,30,3 mois,50€,https://e_visa.mfa.ir/en/,,https://www.diplomatie.gouv.fr/fr/conseils-aux-voyageurs/conseils-par-pays/iran/#entree
Israël,Exemption de visa,,90 jours,90,–,Gratuit,,http://embassies.gov.il/paris/ConsularServices/Pages/local-visa-information.aspx,https://www.diplomatie.gouv.fr/fr/conseils-aux-voyageurs/conseils-par-pays/israel-territoires-palestiniens/#entree
Palestine,Exemption de visa,,90 jours,90,–,Gratuit,,http://embassies.gov.il/paris/ConsularServices/Pages/local-visa-information.aspx,https://www.diplomatie.gouv.fr/fr/conseils-aux-voyageurs/conseils-par-pays/israel-territoires-palestiniens/#entree
Japon,Exemption de visa,,90 jours,90,–,Gratuit,,http://www.fr.emb-japan.go.jp/consulaire/visa/index.html,https://www.diplomatie.gouv.fr/fr/conseils-aux-voyageurs/conseils-par-pays/japon/#entree
Jordanie,Visa à la frontière entrée simple,,30 jours,30,2 mois,50€,,,https://www.diplomatie.gouv.fr/fr/conseils-aux-voyageurs/conseils-par-pays/jordanie/#entree
Jordanie,Visa à la frontière double entrée,,30 jours,30,3 mois,75€,,,https://www.diplomatie.gouv.fr/fr/conseils-aux-voyageurs/conseils-par-pays/jordanie/#entree
Jordanie,Visa à la frontière multi-entrées,,30 jours,30,6 mois,150€,,,https://www.diplomatie.gouv.fr/fr/conseils-aux-voyageurs/conseils-par-pays/jordanie/#entree
Kazakhstan,Exemption de visa,,30 jours,30,–,Gratuit,,http://www.amb-kazakhstan.fr/5.aspx?sr=1,https://www.diplomatie.gouv.fr/fr/conseils-aux-voyageurs/conseils-par-pays/kazakhstan/#entree
Kazakhstan,Visa simple entrée,,30 jours,30,1 mois,35€,,http://www.amb-kazakhstan.fr/5.aspx?sr=1,https://www.diplomatie.gouv.fr/fr/conseils-aux-voyageurs/conseils-par-pays/kazakhstan/#entree
Kazakhstan,Visa multi-entrées,,30 jours,30,2 mois,50€,,http://www.amb-kazakhstan.fr/5.aspx?sr=1,https://www.diplomatie.gouv.fr/fr/conseils-aux-voyageurs/conseils-par-pays/kazakhstan/#entree
Kirghizstan,Exemption de visa,,60 jours,60,–,Gratuit,http://evisa.e-gov.kg/,,https://www.diplomatie.gouv.fr/fr/conseils-aux-voyageurs/conseils-par-pays/kirghizstan/#entree
Kirghizstan,Visa à l’arrivée,,90 jours,90,,,http://evisa.e-gov.kg/,,https://www.diplomatie.gouv.fr/fr/conseils-aux-voyageurs/conseils-par-pays/kirghizstan/#entree
Kirghizstan,E-visa,,30 jours,30,3 mois,40 $,http://evisa.e-gov.kg/,,https://www.diplomatie.gouv.fr/fr/conseils-aux-voyageurs/conseils-par-pays/kirghizstan/#entree
Koweït,Visa à l’arrivée,,3 mois,90,–,9€,,,https://www.diplomatie.gouv.fr/fr/conseils-aux-voyageurs/conseils-par-pays/koweit/#entree
Laos,Visa à l’arrivée,,30 jours,30,–,30 $,https://evisa.gov.la/index,http://www.ambalaos-france.com/,https://www.diplomatie.gouv.fr/fr/conseils-aux-voyageurs/conseils-par-pays/laos/#entree
Laos,E-visa," Uniquement pour une arrivée à l'un des sept oints suivants : aéroports de Vientiane, Luang Prabang et Passé, 1er, 2e et 4e ponts de l'amitié lao-thaïlandaise et poste de Boton (Laos - Chine)",30 jours,30,2 mois,45 $,https://evisa.gov.la/index,http://www.ambalaos-france.com/,https://www.diplomatie.gouv.fr/fr/conseils-aux-voyageurs/conseils-par-pays/laos/#entree
Laos,Visa simple entrée,,30 jours,30,3 mois,35€,https://evisa.gov.la/index,http://www.ambalaos-france.com/,https://www.diplomatie.gouv.fr/fr/conseils-aux-voyageurs/conseils-par-pays/laos/#entree
Liban,Visa à l’arrivée,,30 jours,30,–,Gratuit,,http://www.ambassadeliban.fr/visas.php,https://www.diplomatie.gouv.fr/fr/conseils-aux-voyageurs/conseils-par-pays/liban/#entree
Liban,Visa simple entrée,,90 jours,90,3 mois,39€,,http://www.ambassadeliban.fr/visas.php,https://www.diplomatie.gouv.fr/fr/conseils-aux-voyageurs/conseils-par-pays/liban/#entree
Liban,Visa double entrée,,90 jours,90,3 mois,55€,,http://www.ambassadeliban.fr/visas.php,https://www.diplomatie.gouv.fr/fr/conseils-aux-voyageurs/conseils-par-pays/liban/#entree
Liban,Visa multi-entrées,,90 jours,90,3 mois,77€,,http://www.ambassadeliban.fr/visas.php,https://www.diplomatie.gouv.fr/fr/conseils-aux-voyageurs/conseils-par-pays/liban/#entree
Malaisie,Exemption de visa,,3 mois,90,–,Gratuit,,http://www.kln.gov.my/web/fra_paris/home,https://www.diplomatie.gouv.fr/fr/conseils-aux-voyageurs/conseils-par-pays/malaisie/#entree
Maldives,Visa à l’arrivée,,30 jours,30,,,,https://immigration.gov.mv/tourist-visa/,https://www.diplomatie.gouv.fr/fr/conseils-aux-voyageurs/conseils-par-pays/maldives/#entree
Mongolie,Visa simple entrée,,30 jours,30,3 mois,60€,,http://www.ambassademongolie.fr/service-consulaire/visas/,https://www.diplomatie.gouv.fr/fr/conseils-aux-voyageurs/conseils-par-pays/mongolie/#entree
Népal,"Visa à l’arrivée, e-visa, ou visa classique",,15 jours,15,–,30 $,http://online.nepalimmigration.gov.np/tourist-visa,http://www.nepalimmigration.gov.np/page/tourist-visa,https://www.diplomatie.gouv.fr/fr/conseils-aux-voyageurs/conseils-par-pays/nepal/#entree
Népal,"Visa à l’arrivée, e-visa, ou visa classique",,30 jours,30,–,50 $,http://online.nepalimmigration.gov.np/tourist-visa,http://www.nepalimmigration.gov.np/page/tourist-visa,https://www.diplomatie.gouv.fr/fr/conseils-aux-voyageurs/conseils-par-pays/nepal/#entree
Népal,"Visa à l’arrivée, e-visa, ou visa classique",,90 jours,90,–,125 $,http://online.nepalimmigration.gov.np/tourist-visa,http://www.nepalimmigration.gov.np/page/tourist-visa,https://www.diplomatie.gouv.fr/fr/conseils-aux-voyageurs/conseils-par-pays/nepal/#entree
Oman,Visa à l’arrivée,,30 jours,30,–,45€,https://evisa.rop.gov.om/,http://www.ambassadeoman.com/section-consulaire/types-de-visa/,https://www.diplomatie.gouv.fr/fr/conseils-aux-voyageurs/conseils-par-pays/oman/#entree
Oman,E-visa simple entrée,,30 jours,30,6 mois,60€,https://evisa.rop.gov.om/,http://www.ambassadeoman.com/section-consulaire/types-de-visa/,https://www.diplomatie.gouv.fr/fr/conseils-aux-voyageurs/conseils-par-pays/oman/#entree
Oman,E-visa multi-entrées,,21 jours,21,1 an,150€,https://evisa.rop.gov.om/,http://www.ambassadeoman.com/section-consulaire/types-de-visa/,https://www.diplomatie.gouv.fr/fr/conseils-aux-voyageurs/conseils-par-pays/oman/#entree
Ouzbékistan,Exemption de visa,,30 jours,30,–,Gratuit,http://evisa.mfa.uz/evisa_fr/?action=default.php,https://ouzbekistan.fr/touriste/,https://www.diplomatie.gouv.fr/fr/conseils-aux-voyageurs/conseils-par-pays/ouzbekistan/#entree
Ouzbékistan,Visa simple entrée,,30 jours,30,,60€,http://evisa.mfa.uz/evisa_fr/?action=default.php,https://ouzbekistan.fr/touriste/,https://www.diplomatie.gouv.fr/fr/conseils-aux-voyageurs/conseils-par-pays/ouzbekistan/#entree
Ouzbékistan,Visa double entrée,,30 jours,30,,70€,http://evisa.mfa.uz/evisa_fr/?action=default.php,https://ouzbekistan.fr/touriste/,https://www.diplomatie.gouv.fr/fr/conseils-aux-voyageurs/conseils-par-pays/ouzbekistan/#entree
Ouzbékistan,Visa multi-entrées,,30 jours,30,,80€,http://evisa.mfa.uz/evisa_fr/?action=default.php,https://ouzbekistan.fr/touriste/,https://www.diplomatie.gouv.fr/fr/conseils-aux-voyageurs/conseils-par-pays/ouzbekistan/#entree
Pakistan,Visa simple entrée,,3 mois,90,,42€,,http://www.pakembparis.com/visa/,https://www.diplomatie.gouv.fr/fr/conseils-aux-voyageurs/conseils-par-pays/pakistan/#entree
Philippines,Exemption de visa,,30 jours,30,–,Gratuit,,http://www.parispe.dfa.gov.ph/consularservices/visas,https://www.diplomatie.gouv.fr/fr/conseils-aux-voyageurs/conseils-par-pays/philippines/#entree
Philippines,Visa simple entrée,,59 jours,59,3 mois,27€,,http://www.parispe.dfa.gov.ph/consularservices/visas,https://www.diplomatie.gouv.fr/fr/conseils-aux-voyageurs/conseils-par-pays/philippines/#entree
Philippines,Visa multi-entrées,,59 jours,59,6 mois,54€,,http://www.parispe.dfa.gov.ph/consularservices/visas,https://www.diplomatie.gouv.fr/fr/conseils-aux-voyageurs/conseils-par-pays/philippines/#entree
Qatar,Visa multi-entrées à l’arrivée,,90 jours,90,–,Gratuit,,http://paris.embassy.qa/fr,https://www.diplomatie.gouv.fr/fr/conseils-aux-voyageurs/conseils-par-pays/qatar/#entree
Singapour,Exemption de visa,,30 jours,30,–,Gratuit,,https://www.mfa.gov.sg/content/mfa/overseasmission/paris/fr/information_sur_les_visas/survol.html,https://www.diplomatie.gouv.fr/fr/conseils-aux-voyageurs/conseils-par-pays/singapour/#entree
Singapour,Autorisation de voyage électronique multi-entrées,,90 jours,90,,,,https://www.mfa.gov.sg/content/mfa/overseasmission/paris/fr/information_sur_les_visas/survol.html,https://www.diplomatie.gouv.fr/fr/conseils-aux-voyageurs/conseils-par-pays/singapour/#entree
Sri Lanka,Autorisation de voyage éléctronique (ETA) double entrée,,30 jours,30,3 mois,35 $,http://www.eta.gov.lk/slvisa/,http://www.srilankaembassy.fr/,https://www.diplomatie.gouv.fr/fr/conseils-aux-voyageurs/conseils-par-pays/sri-lanka/#entree
Sri Lanka,ETA à l’arrivée,,30 jours,30,3 mois,40 $,http://www.eta.gov.lk/slvisa/,http://www.srilankaembassy.fr/,https://www.diplomatie.gouv.fr/fr/conseils-aux-voyageurs/conseils-par-pays/sri-lanka/#entree
Syrie,Visa simple entrée,,,,,,,,https://www.diplomatie.gouv.fr/fr/conseils-aux-voyageurs/conseils-par-pays/syrie/#entree
Tadjikistan,E-visa,,7 jours,7,3 mois,45 € + 20 € pour pouvoir circuler dans la région de Pamir,https://www.evisa.tj/index.evisa.html,,https://www.diplomatie.gouv.fr/fr/conseils-aux-voyageurs/conseils-par-pays/tadjikistan/#entree
Tadjikistan,E-visa,,14 jours,14,3 mois,55 € + 20 € pour pouvoir circuler dans la région de Pamir,https://www.evisa.tj/index.evisa.html,,https://www.diplomatie.gouv.fr/fr/conseils-aux-voyageurs/conseils-par-pays/tadjikistan/#entree
Tadjikistan,E-visa,,"Exceptionnellement, la durée peut aller jusqu'à 4530 jours",4530,3 mois,65 € + 20 € pour pouvoir circuler dans la région de Pamir,https://www.evisa.tj/index.evisa.html,,https://www.diplomatie.gouv.fr/fr/conseils-aux-voyageurs/conseils-par-pays/tadjikistan/#entree
Taïwan,Exemption de visa,,90 jours,90,–,Gratuit,,https://www.roc-taiwan.org/fr_fr/post/8758.html,https://www.diplomatie.gouv.fr/fr/conseils-aux-voyageurs/conseils-par-pays/taiwan/#entree
Thaïlande,Exemption de visa,Limité à 2 entrées par an par voie terrestre,30 jours,30,–,Gratuit,,http://www.thaiembassy.fr/fr/visa-rdv/reglementprise-de-rdv/,https://www.diplomatie.gouv.fr/fr/conseils-aux-voyageurs/conseils-par-pays/thailande/#entree
Thaïlande,Visa simple entrée,,60 jours,60,3 mois,30€,,http://www.thaiembassy.fr/fr/visa-rdv/reglementprise-de-rdv/,https://www.diplomatie.gouv.fr/fr/conseils-aux-voyageurs/conseils-par-pays/thailande/#entree
Thaïlande,Visa multi-entrées,,60 jours pour chaque entrée,60,6 mois,150€,,http://www.thaiembassy.fr/fr/visa-rdv/reglementprise-de-rdv/,https://www.diplomatie.gouv.fr/fr/conseils-aux-voyageurs/conseils-par-pays/thailande/#entree
Timor oriental,Exemption de visa,,90 jours,90,6 mois,Taxe de départ10 $,,http://migracao.gov.tl/index.php,https://www.diplomatie.gouv.fr/fr/conseils-aux-voyageurs/conseils-par-pays/timor-est/#entree
Turkménistan,Visa simple entrée,,De 10 à 90 jours,10,De 10 à 90 jours,De 35 € à 115 €,,https://france.tmembassy.gov.tm/fr,https://www.diplomatie.gouv.fr/fr/conseils-aux-voyageurs/conseils-par-pays/turkmenistan/#entree
Turkménistan,Visa multi-entrées,,De 30 à 90 jours,30,De 30 à 90 jours,De 75 € à 155 €,,https://france.tmembassy.gov.tm/fr,https://www.diplomatie.gouv.fr/fr/conseils-aux-voyageurs/conseils-par-pays/turkmenistan/#entree
Turquie,Exemption de visa,,90 jours,90,6 mois,Gratuit,,http://paris.cg.mfa.gov.tr/Mission/Index,https://www.diplomatie.gouv.fr/fr/conseils-aux-voyageurs/conseils-par-pays/turquie/#entree
Viêt Nam,Exemption de visa,,15 jours,15,–,Gratuit,https://evisa.xuatnhapcanh.gov.vn/en_US/web/guest/khai-thi-thuc-dien-tu/cap-thi-thuc-dien-tu,https://ambassade-vietnam.com/thi-thuc-viet-nam/,https://www.diplomatie.gouv.fr/fr/conseils-aux-voyageurs/conseils-par-pays/vietnam/#entree
Viêt Nam,E-visa simple entrée,,30 jours,30,1 mois,25€,https://evisa.xuatnhapcanh.gov.vn/en_US/web/guest/khai-thi-thuc-dien-tu/cap-thi-thuc-dien-tu,https://ambassade-vietnam.com/thi-thuc-viet-nam/,https://www.diplomatie.gouv.fr/fr/conseils-aux-voyageurs/conseils-par-pays/vietnam/#entree
Viêt Nam,Visa simple entrée à l’arrivée,Nécessite une lettre d'invitation,30 jours,30,1 mois,45 $,https://evisa.xuatnhapcanh.gov.vn/en_US/web/guest/khai-thi-thuc-dien-tu/cap-thi-thuc-dien-tu,https://ambassade-vietnam.com/thi-thuc-viet-nam/,https://www.diplomatie.gouv.fr/fr/conseils-aux-voyageurs/conseils-par-pays/vietnam/#entree
Viêt Nam,Visa multi-entrées à l’arrivée,Nécessite une lettre d'invitation,30 jours,30,1 mois,73 $,https://evisa.xuatnhapcanh.gov.vn/en_US/web/guest/khai-thi-thuc-dien-tu/cap-thi-thuc-dien-tu,https://ambassade-vietnam.com/thi-thuc-viet-nam/,https://www.diplomatie.gouv.fr/fr/conseils-aux-voyageurs/conseils-par-pays/vietnam/#entree
Viêt Nam,Visa simple entrée à l’arrivée,Nécessite une lettre d'invitation,90 jours,90,3 mois,55 $,https://evisa.xuatnhapcanh.gov.vn/en_US/web/guest/khai-thi-thuc-dien-tu/cap-thi-thuc-dien-tu,https://ambassade-vietnam.com/thi-thuc-viet-nam/,https://www.diplomatie.gouv.fr/fr/conseils-aux-voyageurs/conseils-par-pays/vietnam/#entree
Viêt Nam,Visa multi-entrées à l’arrivée,Nécessite une lettre d'invitation,90 jours,90,3 mois,95 $,https://evisa.xuatnhapcanh.gov.vn/en_US/web/guest/khai-thi-thuc-dien-tu/cap-thi-thuc-dien-tu,https://ambassade-vietnam.com/thi-thuc-viet-nam/,https://www.diplomatie.gouv.fr/fr/conseils-aux-voyageurs/conseils-par-pays/vietnam/#entree
Viêt Nam,Visa simple entrée,,30 jours,30,1 mois,85€,https://evisa.xuatnhapcanh.gov.vn/en_US/web/guest/khai-thi-thuc-dien-tu/cap-thi-thuc-dien-tu,https://ambassade-vietnam.com/thi-thuc-viet-nam/,https://www.diplomatie.gouv.fr/fr/conseils-aux-voyageurs/conseils-par-pays/vietnam/#entree
Viêt Nam,Visa multi-entrées,,30 jours,30,1 mois,115€,https://evisa.xuatnhapcanh.gov.vn/en_US/web/guest/khai-thi-thuc-dien-tu/cap-thi-thuc-dien-tu,https://ambassade-vietnam.com/thi-thuc-viet-nam/,https://www.diplomatie.gouv.fr/fr/conseils-aux-voyageurs/conseils-par-pays/vietnam/#entree
Viêt Nam,Visa simple entrée,,90 jours,90,3 mois,115€,https://evisa.xuatnhapcanh.gov.vn/en_US/web/guest/khai-thi-thuc-dien-tu/cap-thi-thuc-dien-tu,https://ambassade-vietnam.com/thi-thuc-viet-nam/,https://www.diplomatie.gouv.fr/fr/conseils-aux-voyageurs/conseils-par-pays/vietnam/#entree
Viêt Nam,Visa multi-entrées,,90 jours,90,3 mois,165€,https://evisa.xuatnhapcanh.gov.vn/en_US/web/guest/khai-thi-thuc-dien-tu/cap-thi-thuc-dien-tu,https://ambassade-vietnam.com/thi-thuc-viet-nam/,https://www.diplomatie.gouv.fr/fr/conseils-aux-voyageurs/conseils-par-pays/vietnam/#entree
Yémen,Visa simple entrée,,30 jours,30,3 mois,70€,,https://yemenembassyfrance.com/fr/%D8%A7%D9%84%D9%80%D8%AA%D8%A3%D8%B4%D9%8A%D8%B1%D8%A7%D8%AA/%D8%A7%D9%84%D8%AA%D8%A3%D8%B4%D9%8A%D8%B1%D8%A7%D8%AA/,https://www.diplomatie.gouv.fr/fr/conseils-aux-voyageurs/conseils-par-pays/yemen/#entree
Afrique du Sud,Exemption de visa,,90 jours,90,–,Gratuit,,http://www.afriquesud.net/index.php?option=com_content&view=article&id=13&Itemid=116&lang=fr,https://www.diplomatie.gouv.fr/fr/conseils-aux-voyageurs/conseils-par-pays/afrique-du-sud/#entree
Algérie,Visa simple entrée ou multi-entrées,,30 jours,30,30 jours,85€,,http://www.amb-algerie.fr/formalites-visa/,https://www.diplomatie.gouv.fr/fr/conseils-aux-voyageurs/conseils-par-pays/algerie/#entree
Angola,Visa simple entrée,,30 jours,30,2 mois,,,http://www.ambassade-angola.org/m-249-formalites-d-entree.html,https://www.diplomatie.gouv.fr/fr/conseils-aux-voyageurs/conseils-par-pays/angola/#entree
Bénin,Visa simple entrée,,30 jours,30,30 jours,50€,,http://www.benin-consulat.fr/services-visas/,https://www.diplomatie.gouv.fr/fr/conseils-aux-voyageurs/conseils-par-pays/benin/#entree
Bénin,Visa simple entrée,,30 jours,30,30 jours,50€,,http://www.benin-consulat.fr/services-visas/,https://www.diplomatie.gouv.fr/fr/conseils-aux-voyageurs/conseils-par-pays/benin/#entree
Bénin,Visa double entrée,,90 jours,90,90 jours,80€,,http://www.benin-consulat.fr/services-visas/,https://www.diplomatie.gouv.fr/fr/conseils-aux-voyageurs/conseils-par-pays/benin/#entree
Bénin,Visa double entrée,,90 jours,90,90 jours,80€,,http://www.benin-consulat.fr/services-visas/,https://www.diplomatie.gouv.fr/fr/conseils-aux-voyageurs/conseils-par-pays/benin/#entree
Bénin,Visa multi-entrées,,90 jours,90,90 jours,80€,,http://www.benin-consulat.fr/services-visas/,https://www.diplomatie.gouv.fr/fr/conseils-aux-voyageurs/conseils-par-pays/benin/#entree
Botswana,Exemption de visa,,90 jours. Vérifiez la durée de séjour octroyée par le douanier,90,–,Taxe de développement touristique 30 $ par mois + 15 $ si vous arrivez d’Afrique du Sud ou de Namibie avec un véhicule de location,,,https://www.diplomatie.gouv.fr/fr/conseils-aux-voyageurs/conseils-par-pays/botswana/#entree
Burkina Faso,Visa à l’arrivée, Compliqué : il faut parfois laisser son passeport et le récupérer plus tard. Certaines compagnies aériennes vous demanderont d'avoir un visa pour embarquer.,90 jours,90,–,Tarif majoré,,http://www.ambaburkina-fr.org/consulat-general/visa/,https://www.diplomatie.gouv.fr/fr/conseils-aux-voyageurs/conseils-par-pays/burkina-faso/#entree
Burkina Faso,Visa simple entrée,,90 jours,90,90 jours,70€,,http://www.ambaburkina-fr.org/consulat-general/visa/,https://www.diplomatie.gouv.fr/fr/conseils-aux-voyageurs/conseils-par-pays/burkina-faso/#entree
Burkina Faso,Visa multi-entrées,,90 jours,90,90 jours,90€,,http://www.ambaburkina-fr.org/consulat-general/visa/,https://www.diplomatie.gouv.fr/fr/conseils-aux-voyageurs/conseils-par-pays/burkina-faso/#entree
Burundi,Visa simple entrée,,30 jours,30,90 jours,65€,,http://www.ambassade-du-burundi.fr/visa/,https://www.diplomatie.gouv.fr/fr/conseils-aux-voyageurs/conseils-par-pays/burundi/#entree
Cameroun,Visa simple entrée,,30 jours,30,30 jours,115€,,http://www.congencamparis.com/#visa,https://www.diplomatie.gouv.fr/fr/conseils-aux-voyageurs/conseils-par-pays/cameroun/#entree
Cap Vert,Visa simple entrée,"Il semble qu'il soit encore possible d'obtenir un visa à l'arrivée, cependant le consulat du Cap-Vert précise que les compagnies aériennes pourraient interdire l'embarquement aux passagers sans visa.",30 jours,30,6 mois,45€,,,https://www.diplomatie.gouv.fr/fr/conseils-aux-voyageurs/conseils-par-pays/cap-vert/#entree
République centrafricaine,Visa simple entrée,,30 jours,30,90 jours,75€,,https://www.ambarca-paris.org/fr/formulaire/7/formulaire-de-demande-de-visa,https://www.diplomatie.gouv.fr/fr/conseils-aux-voyageurs/conseils-par-pays/republique-centrafricaine/#entree
République centrafricaine,Visa multi-entrées,,90 jours,90,90 jours,155€,,https://www.ambarca-paris.org/fr/formulaire/7/formulaire-de-demande-de-visa,https://www.diplomatie.gouv.fr/fr/conseils-aux-voyageurs/conseils-par-pays/republique-centrafricaine/#entree
Comores,Visa à l’arrivée,,45 jours,45,–,30€,,http://www.comores-online.com/mwezinet/pratique/arrivee.htm,https://www.diplomatie.gouv.fr/fr/conseils-aux-voyageurs/conseils-par-pays/comores/#entree
République du Congo,Visa simple entrée,,15 jours,15,15 jours,55€,,http://ambacongofr.org/index.php/services-consulaires/visas,https://www.diplomatie.gouv.fr/fr/conseils-aux-voyageurs/conseils-par-pays/congo/#entree
République du Congo,Visa multi-entrées,,90 jours,90,90 jours,110€,,http://ambacongofr.org/index.php/services-consulaires/visas,https://www.diplomatie.gouv.fr/fr/conseils-aux-voyageurs/conseils-par-pays/congo/#entree
République du Congo,Visa simple entrée,,30 jours,30,30 jours,85€,,http://ambacongofr.org/index.php/services-consulaires/visas,https://www.diplomatie.gouv.fr/fr/conseils-aux-voyageurs/conseils-par-pays/congo/#entree
République du Congo,Visa simple entrée,,60 jours,60,60 jours,125€,,http://ambacongofr.org/index.php/services-consulaires/visas,https://www.diplomatie.gouv.fr/fr/conseils-aux-voyageurs/conseils-par-pays/congo/#entree
République du Congo,Visa simple entrée,,90 jours,90,90 jours,175€,,http://ambacongofr.org/index.php/services-consulaires/visas,https://www.diplomatie.gouv.fr/fr/conseils-aux-voyageurs/conseils-par-pays/congo/#entree
République du Congo,Visa multi-entrées,,30 jours,30,30 jours,115€,,http://ambacongofr.org/index.php/services-consulaires/visas,https://www.diplomatie.gouv.fr/fr/conseils-aux-voyageurs/conseils-par-pays/congo/#entree
République du Congo,Visa multi-entrées,,60 jours,60,60 jours,160€,,http://ambacongofr.org/index.php/services-consulaires/visas,https://www.diplomatie.gouv.fr/fr/conseils-aux-voyageurs/conseils-par-pays/congo/#entree
République du Congo,Visa multi-entrées,,90 jours,90,90 jours,200€,,http://ambacongofr.org/index.php/services-consulaires/visas,https://www.diplomatie.gouv.fr/fr/conseils-aux-voyageurs/conseils-par-pays/congo/#entree
Côte d'Ivoire,E-visa,,90 jours,90,3 mois,70 € remboursables en cas d'échec de la procédure,,http://snedai.com/,https://www.diplomatie.gouv.fr/fr/conseils-aux-voyageurs/conseils-par-pays/cote-d-ivoire/#entree
Djibouti,Visa à l’arrivée,,90 jours,90,–,80€,,,https://www.diplomatie.gouv.fr/fr/conseils-aux-voyageurs/conseils-par-pays/djibouti/#entree
Égypte,E-visa simple entrée,,30 jours,30,3 mois,25 $ remboursables en cas d'échec de la procédure,https://visa2egypt.gov.eg/eVisa/Home?VISTK=DTFT-HLBX-QRQH-0XHN-HHB8-FACP-SFY6-05IN-O5XQ-WUPS-164G-PZLN-JOC3-X0TL-KLQL-UURN,,https://www.diplomatie.gouv.fr/fr/conseils-aux-voyageurs/conseils-par-pays/egypte/#entree
Égypte,E-visa multi-entrées,,90 jours,90,3 mois,60 $ remboursables en cas d'échec de la procédure,https://visa2egypt.gov.eg/eVisa/Home?VISTK=DTFT-HLBX-QRQH-0XHN-HHB8-FACP-SFY6-05IN-O5XQ-WUPS-164G-PZLN-JOC3-X0TL-KLQL-UURN,,https://www.diplomatie.gouv.fr/fr/conseils-aux-voyageurs/conseils-par-pays/egypte/#entree
Égypte,Visa simple entrée,,30 jours,30,3 mois,38€,https://visa2egypt.gov.eg/eVisa/Home?VISTK=DTFT-HLBX-QRQH-0XHN-HHB8-FACP-SFY6-05IN-O5XQ-WUPS-164G-PZLN-JOC3-X0TL-KLQL-UURN,,https://www.diplomatie.gouv.fr/fr/conseils-aux-voyageurs/conseils-par-pays/egypte/#entree
Égypte,Visa multi-entrées,,90 jours,90,3 mois,57€,https://visa2egypt.gov.eg/eVisa/Home?VISTK=DTFT-HLBX-QRQH-0XHN-HHB8-FACP-SFY6-05IN-O5XQ-WUPS-164G-PZLN-JOC3-X0TL-KLQL-UURN,,https://www.diplomatie.gouv.fr/fr/conseils-aux-voyageurs/conseils-par-pays/egypte/#entree
Érythrée,Visa simple entrée,,30 jours,30,3 mois,48€,,,https://www.diplomatie.gouv.fr/fr/conseils-aux-voyageurs/conseils-par-pays/erythree/#entree
Éthiopie,Visa à l’arrivée,Visa à l'arrivée incertain et non conseillé par France Diplomatie,30 jours,30,–,45€,https://www.evisa.gov.et/#/home,http://ethiopianembassy.fr/services-consulaires/visas,https://www.diplomatie.gouv.fr/fr/conseils-aux-voyageurs/conseils-par-pays/ethiopie/#entree
Éthiopie,E-visa simple entrée,,30 jours,30,30 jours,52€ remboursables en cas d'échec de la procédure,https://www.evisa.gov.et/#/home,http://ethiopianembassy.fr/services-consulaires/visas,https://www.diplomatie.gouv.fr/fr/conseils-aux-voyageurs/conseils-par-pays/ethiopie/#entree
Éthiopie,E-visa simple entrée,,90 jours,90,90 jours,72 $ remboursables en cas d'échec de la procédure,https://www.evisa.gov.et/#/home,http://ethiopianembassy.fr/services-consulaires/visas,https://www.diplomatie.gouv.fr/fr/conseils-aux-voyageurs/conseils-par-pays/ethiopie/#entree
Éthiopie,Visa simple entrée,,30 jours,30,30 jours,36€,https://www.evisa.gov.et/#/home,http://ethiopianembassy.fr/services-consulaires/visas,https://www.diplomatie.gouv.fr/fr/conseils-aux-voyageurs/conseils-par-pays/ethiopie/#entree
Éthiopie,Visa simple entrée,,90 jours,90,90 jours,54€,https://www.evisa.gov.et/#/home,http://ethiopianembassy.fr/services-consulaires/visas,https://www.diplomatie.gouv.fr/fr/conseils-aux-voyageurs/conseils-par-pays/ethiopie/#entree
Éthiopie,Visa multi-entrées,,30 jours,30,90 jours,63€,https://www.evisa.gov.et/#/home,http://ethiopianembassy.fr/services-consulaires/visas,https://www.diplomatie.gouv.fr/fr/conseils-aux-voyageurs/conseils-par-pays/ethiopie/#entree
Gabon,Visa à l’arrivée,Nécessite l'obtention préalable d’une autorisation d’entrée.,90 jours,90,–,70€,https://evisa.dgdi.ga/,http://www.consulat-france.ga/8-connexes/318-obtenir-le-visa/,https://www.diplomatie.gouv.fr/fr/conseils-aux-voyageurs/conseils-par-pays/gabon/#entree
Gabon,E-visa,Uniquement pour une arrivée à l'aéroport de Libreville,90 jours,90,90 jours,70€,https://evisa.dgdi.ga/,http://www.consulat-france.ga/8-connexes/318-obtenir-le-visa/,https://www.diplomatie.gouv.fr/fr/conseils-aux-voyageurs/conseils-par-pays/gabon/#entree
Gabon,E-visa,Uniquement pour une arrivée à l'aéroport de Libreville,6 mois,180,6 mois,185€,https://evisa.dgdi.ga/,http://www.consulat-france.ga/8-connexes/318-obtenir-le-visa/,https://www.diplomatie.gouv.fr/fr/conseils-aux-voyageurs/conseils-par-pays/gabon/#entree
Gabon,Visa simple entrée,,90 jours,90,90 jours,55€,https://evisa.dgdi.ga/,http://www.consulat-france.ga/8-connexes/318-obtenir-le-visa/,https://www.diplomatie.gouv.fr/fr/conseils-aux-voyageurs/conseils-par-pays/gabon/#entree
Gambie,Visa à l’arrivée,,90 jours,90,–,Environ18 000 F.CFA,,,https://www.diplomatie.gouv.fr/fr/conseils-aux-voyageurs/conseils-par-pays/gambie/#entree
Gambie,Visa simple entrée,,90 jours,90,90 jours,50€,,,https://www.diplomatie.gouv.fr/fr/conseils-aux-voyageurs/conseils-par-pays/gambie/#entree
Gambie,Visa multi-entrées,,90 jours,90,90 jours,80€,,,https://www.diplomatie.gouv.fr/fr/conseils-aux-voyageurs/conseils-par-pays/gambie/#entree
Ghana,Visa simple entrée,,60 jours,60,3 mois,50€,https://app.paris.embassy.gov.gh/,https://paris.embassy.gov.gh/fr/visa-applications/,https://www.diplomatie.gouv.fr/fr/conseils-aux-voyageurs/conseils-par-pays/ghana/#entree
Ghana,Visa multi-entrées,,60 jours,60,3 mois,100€,https://app.paris.embassy.gov.gh/,https://paris.embassy.gov.gh/fr/visa-applications/,https://www.diplomatie.gouv.fr/fr/conseils-aux-voyageurs/conseils-par-pays/ghana/#entree
Ghana,Visa multi-entrées,,60 jours,60,6 mois,150€,https://app.paris.embassy.gov.gh/,https://paris.embassy.gov.gh/fr/visa-applications/,https://www.diplomatie.gouv.fr/fr/conseils-aux-voyageurs/conseils-par-pays/ghana/#entree
Ghana,Visa multi-entrées,,60 jours,60,12 mois,200€,https://app.paris.embassy.gov.gh/,https://paris.embassy.gov.gh/fr/visa-applications/,https://www.diplomatie.gouv.fr/fr/conseils-aux-voyageurs/conseils-par-pays/ghana/#entree
Guinée,Visa simple entrée,,30 jours,30,30 jours,60€,,http://www.ambaguineefrance.org/service-visa/,https://www.diplomatie.gouv.fr/fr/conseils-aux-voyageurs/conseils-par-pays/guinee/#entree
Guinée,Visa multi-entrées,,90 jours,90,90 jours,87€,,http://www.ambaguineefrance.org/service-visa/,https://www.diplomatie.gouv.fr/fr/conseils-aux-voyageurs/conseils-par-pays/guinee/#entree
Guinée-Bissao,Visa simple entrée,,30 jours,30,3 mois,60€,,,https://www.diplomatie.gouv.fr/fr/conseils-aux-voyageurs/conseils-par-pays/guinee-bissao/#entree
Guinée-Équatoriale,Visa simple entrée,,30 jours,30,3 mois,120€,,,https://www.diplomatie.gouv.fr/fr/conseils-aux-voyageurs/conseils-par-pays/guinee-equatoriale/#entree
Kenya,Visa à l’arrivée,Uniquement dans les aéroports internationaux,90 jours,90,3 mois,40€,http://evisa.go.ke/evisa.html,http://www.kenyaembassyparis.org/fr/immigration-consular/visas,https://www.diplomatie.gouv.fr/fr/conseils-aux-voyageurs/conseils-par-pays/kenya/#entree
Kenya,E-visa,"Il existe aussi un visa unique Kenya, Ouganda et Rwanda appelé East Africa Tourist Visa qui coûte 100 $",90 jours,90,3 mois,51 $,http://evisa.go.ke/evisa.html,http://www.kenyaembassyparis.org/fr/immigration-consular/visas,https://www.diplomatie.gouv.fr/fr/conseils-aux-voyageurs/conseils-par-pays/kenya/#entree
Lesotho,Exemption de visa,,14 jours,14,–,Gratuit,,,https://www.diplomatie.gouv.fr/fr/conseils-aux-voyageurs/conseils-par-pays/lesotho/#entree
Liberia,Visa simple entrée,,30 jours,30,3 mois,100€,,http://embassyofliberia-paris.org/consular-services/visa-requirements/,https://www.diplomatie.gouv.fr/fr/conseils-aux-voyageurs/conseils-par-pays/liberia/#entree
Liberia,Visa multi-entrées,,30 jours,30,6 mois,200€,,http://embassyofliberia-paris.org/consular-services/visa-requirements/,https://www.diplomatie.gouv.fr/fr/conseils-aux-voyageurs/conseils-par-pays/liberia/#entree
Libye,Visa simple entrée,,30 jours,30,2 mois,,,,https://www.diplomatie.gouv.fr/fr/conseils-aux-voyageurs/conseils-par-pays/libye/#entree
Madagascar,E-visa,,30 jours,30,6 mois,35€,http://www.evisamada.gov.mg/fr/,https://www.consulatmadagascar.fr/bordeaux/index.php/formalites/formalites-d-entree/visa-non-immigrant/,https://www.diplomatie.gouv.fr/fr/conseils-aux-voyageurs/conseils-par-pays/madagascar/#entree
Madagascar,E-visa,,60 jours,60,6 mois,40€,http://www.evisamada.gov.mg/fr/,https://www.consulatmadagascar.fr/bordeaux/index.php/formalites/formalites-d-entree/visa-non-immigrant/,https://www.diplomatie.gouv.fr/fr/conseils-aux-voyageurs/conseils-par-pays/madagascar/#entree
Madagascar,E-visa,,90 jours,90,6 mois,50€,http://www.evisamada.gov.mg/fr/,https://www.consulatmadagascar.fr/bordeaux/index.php/formalites/formalites-d-entree/visa-non-immigrant/,https://www.diplomatie.gouv.fr/fr/conseils-aux-voyageurs/conseils-par-pays/madagascar/#entree
Madagascar,Visa à l’arrivée,,30 jours,30,6 mois,35€,http://www.evisamada.gov.mg/fr/,https://www.consulatmadagascar.fr/bordeaux/index.php/formalites/formalites-d-entree/visa-non-immigrant/,https://www.diplomatie.gouv.fr/fr/conseils-aux-voyageurs/conseils-par-pays/madagascar/#entree
Madagascar,Visa à l’arrivée,,60 jours,60,6 mois,40€,http://www.evisamada.gov.mg/fr/,https://www.consulatmadagascar.fr/bordeaux/index.php/formalites/formalites-d-entree/visa-non-immigrant/,https://www.diplomatie.gouv.fr/fr/conseils-aux-voyageurs/conseils-par-pays/madagascar/#entree
Malawi,Visa à l’arrivée simple entrée,,30 jours,30,–,75 $,,,https://www.diplomatie.gouv.fr/fr/conseils-aux-voyageurs/conseils-par-pays/malawi/#entree
Malawi,Visa simple entrée,,30 jours,30,90 jours,100€,,,https://www.diplomatie.gouv.fr/fr/conseils-aux-voyageurs/conseils-par-pays/malawi/#entree
Malawi,Visa multi-entrées,,30 jours,30,6 mois,200€,,,https://www.diplomatie.gouv.fr/fr/conseils-aux-voyageurs/conseils-par-pays/malawi/#entree
Malawi,Visa multi-entrées,,30 jours,30,1 an,300€,,,https://www.diplomatie.gouv.fr/fr/conseils-aux-voyageurs/conseils-par-pays/malawi/#entree
Mali,Visa simple entrée,,30 jours,30,3 mois,70€,,http://www.consulatdumalienfrance.fr/index.php/globsre/visas,https://www.diplomatie.gouv.fr/fr/conseils-aux-voyageurs/conseils-par-pays/mali/#entree
Mali,Visa multi-entrées,,90 jours,90,3 mois,90€,,http://www.consulatdumalienfrance.fr/index.php/globsre/visas,https://www.diplomatie.gouv.fr/fr/conseils-aux-voyageurs/conseils-par-pays/mali/#entree
Maroc,Exemption de visa,,90 jours,90,–,Gratuit,,http://www.amb-maroc.fr/,https://www.diplomatie.gouv.fr/fr/conseils-aux-voyageurs/conseils-par-pays/maroc/#entree
Île Maurice,Exemption de visa,,90 jours,90,–,Gratuit,,http://www1.govmu.org/portal/sites/mfamission/paris/history.htm,https://www.diplomatie.gouv.fr/fr/conseils-aux-voyageurs/conseils-par-pays/maurice/#entree
Mauritanie,Visa à l’arrivée,Pas à tous les postes de frontière,Pas d’info,,–,Pas d’info,,,https://www.diplomatie.gouv.fr/fr/conseils-aux-voyageurs/conseils-par-pays/mauritanie/#entree
Mozambique,Visa à l’arrivée,"Attention, le visa à l'arrivée n'est pas garanti. Il reste en principe réservé aux ressortissants de pays sur le territoire desquels il n’existe pas de représentation diplomatique ou consulaire mozambicaine",30 jours,30,3 mois,40€,,http://ambassademozambiquefrance.fr/consular-affairs/visa-section?lang=fr,https://www.diplomatie.gouv.fr/fr/conseils-aux-voyageurs/conseils-par-pays/mozambique/#entree
Mozambique,Visa simple entrée,,30 jours,30,3 mois,40€,,http://ambassademozambiquefrance.fr/consular-affairs/visa-section?lang=fr,https://www.diplomatie.gouv.fr/fr/conseils-aux-voyageurs/conseils-par-pays/mozambique/#entree
Namibie,Exemption de visa,,90 jours,90,–,Gratuit,,https://www.embassyofnamibia.fr/services-for-foreign-nationals.php,https://www.diplomatie.gouv.fr/fr/conseils-aux-voyageurs/conseils-par-pays/namibie/#entree
Niger,Visa simple entrée,,90 jours,90,90 jours,75€,,http://ambassadeniger-fr.org/index.php?page=fonctionnement-et-tarifs-des-services,https://www.diplomatie.gouv.fr/fr/conseils-aux-voyageurs/conseils-par-pays/niger/#entree
Niger,Visa multi-entrées,,90 jours,90,90 jours,100€,,http://ambassadeniger-fr.org/index.php?page=fonctionnement-et-tarifs-des-services,https://www.diplomatie.gouv.fr/fr/conseils-aux-voyageurs/conseils-par-pays/niger/#entree
Nigéria,Visa simple entrée,,90 jours,90,90 jours,50€,,http://www.nigeriafrance.com/page9.html,https://www.diplomatie.gouv.fr/fr/conseils-aux-voyageurs/conseils-par-pays/nigeria/#entree
Nigéria,Visa multi-entrées,,90 jours,90,90 jours,50€,,http://www.nigeriafrance.com/page9.html,https://www.diplomatie.gouv.fr/fr/conseils-aux-voyageurs/conseils-par-pays/nigeria/#entree
Uganda,E-visa simple entrée,"Il existe aussi un visa unique Kenya, Ouganda et Rwanda appelé East Africa Tourist Visa qui coûte 100 $.",90 jours,90,6 mois,50€,https://visas.immigration.go.ug/,https://paris.mofa.go.ug/data-smenu-51-Visa-Application.html,https://www.diplomatie.gouv.fr/fr/conseils-aux-voyageurs/conseils-par-pays/ouganda/#entree
Uganda,E-visa multi-entrées,,90 jours,90,6 mois,100€,https://visas.immigration.go.ug/,https://paris.mofa.go.ug/data-smenu-51-Visa-Application.html,https://www.diplomatie.gouv.fr/fr/conseils-aux-voyageurs/conseils-par-pays/ouganda/#entree
Rwanda,E-visa simple entrée,"Il existe aussi un visa unique Kenya, Ouganda et Rwanda appelé East Africa Tourist Visa qui coûte 100 $.",30 jours,30,30 jours,30 $,https://irembo.gov.rw/rolportal/en/web/dgie/newhome,http://www.ambarwanda-paris.fr/index.php/accueil-3/accueil-12/visa,https://www.diplomatie.gouv.fr/fr/conseils-aux-voyageurs/conseils-par-pays/rwanda/#entree
Sao Tomé-et-Principe,Exemption de visa,"Si vous passez par le Gabon pour vous rendre à Sao Tomé-et-Principe, il vous faudra un visa à plusieurs entrées pour le Gabon.",15 jours,15,–,Gratuit,,http://www.sao-tome.st/Consulat-Visa/Visa,https://www.diplomatie.gouv.fr/fr/conseils-aux-voyageurs/conseils-par-pays/sao-tome-et-principe/#entree
Sao Tomé-et-Principe,Visa simple entrée,"Si vous passez par le Gabon pour vous rendre à Sao Tomé-et-Principe, il vous faudra un visa à plusieurs entrées pour le Gabon.",30 jours,30,4 mois,20 € =+Taxe de sortie 20€,,http://www.sao-tome.st/Consulat-Visa/Visa,https://www.diplomatie.gouv.fr/fr/conseils-aux-voyageurs/conseils-par-pays/sao-tome-et-principe/#entree
Sénégal,Exemption de visa,,90 jours,90,–,Gratuit,,http://www.ambasseneparis.com/,https://www.diplomatie.gouv.fr/fr/conseils-aux-voyageurs/conseils-par-pays/senegal/#entree
Seychelles,Exemption de visa,,90 jours,90,–,Gratuit,,,https://www.diplomatie.gouv.fr/fr/conseils-aux-voyageurs/conseils-par-pays/seychelles/#entree
Sierra Leone,Visa simple entrée,,30 jours,30,90 jours,125€,,,https://www.diplomatie.gouv.fr/fr/conseils-aux-voyageurs/conseils-par-pays/sierra-leone/#entree
Somalie,Visa à l’arrivée,Uniquement à l'aéroport de Mogadiscio,30 jours,30,–,60 $,,,https://www.diplomatie.gouv.fr/fr/conseils-aux-voyageurs/conseils-par-pays/somalie/#entree
Soudan,Visa simple entrée,,30 jours,30,60 jours,100€,,https://ambassade-du-soudan.fr/visas/,https://www.diplomatie.gouv.fr/fr/conseils-aux-voyageurs/conseils-par-pays/soudan/#entree
Soudan du Sud,Visa simple entrée,,90 jours,90,90 jours,100€,,http://southsudan-embassyfrance.org/visa.html,https://www.diplomatie.gouv.fr/fr/conseils-aux-voyageurs/conseils-par-pays/soudan-du-sud/#entree
Swaziland,Exemption de visa,,31 jours,31,–,Gratuit - Taxe d’entrée pour les véhicules d’au moins 50 emalangeni (ou 50 rands),,,https://www.diplomatie.gouv.fr/fr/conseils-aux-voyageurs/conseils-par-pays/swaziland/#entree
Tanzanie,E-visa simple entrée. ,"Seulement aux aéroports de Kilimandjaro et de Dar-es-Salaam (JNIA) et aux postes-frontières terrestres de Namanga (avec le Kenya) et de Tunduma (avec la Zambie). Il faut choisir entre une visite en Tanzanie 
continentale ou à Zanzibar.",90 jours,90,–,50 $,https://eservices.immigration.go.tz/visa,https://www.fr.tzembassy.go.tz/services/category/visa-information,https://www.diplomatie.gouv.fr/fr/conseils-aux-voyageurs/conseils-par-pays/tanzanie/#entree
Tanzanie,E-visa multi-entrées,Seulement aux aéroports de Kilimandjaro et de Dar-es-Salaam (JNIA) et aux postes-frontières terrestres de Namanga (avec le Kenya) et de Tunduma (avec la Zambie). Il faut choisir entre une visite en Tanzanie continentale ou à Zanzibar.,90 jours,90,–,100 $,https://eservices.immigration.go.tz/visa,https://www.fr.tzembassy.go.tz/services/category/visa-information,https://www.diplomatie.gouv.fr/fr/conseils-aux-voyageurs/conseils-par-pays/tanzanie/#entree
Tanzanie,Visa à l’arrivée,"Seulement aux aéroports de Kilimandjaro et de Dar-es-Salaam (JNIA) et aux postes-frontières terrestres de Namanga (avec le Kenya) et de Tunduma (avec la Zambie). Il faut choisir entre une visite en Tanzanie 
continentale ou à Zanzibar.",90 jours,90,–,50 $,https://eservices.immigration.go.tz/visa,https://www.fr.tzembassy.go.tz/services/category/visa-information,https://www.diplomatie.gouv.fr/fr/conseils-aux-voyageurs/conseils-par-pays/tanzanie/#entree
Tanzanie,Visa simple entrée,,90 jours,90,90 jours,50€,https://eservices.immigration.go.tz/visa,https://www.fr.tzembassy.go.tz/services/category/visa-information,https://www.diplomatie.gouv.fr/fr/conseils-aux-voyageurs/conseils-par-pays/tanzanie/#entree
Tanzanie,Visa multi-entrées,,90 jours,90,90 jours,70€,https://eservices.immigration.go.tz/visa,https://www.fr.tzembassy.go.tz/services/category/visa-information,https://www.diplomatie.gouv.fr/fr/conseils-aux-voyageurs/conseils-par-pays/tanzanie/#entree
Tchad,Visa simple entrée,,30 jours,30,30 jours,70€,,http://ambatchad-paris.org/index.php/formalites,https://www.diplomatie.gouv.fr/fr/conseils-aux-voyageurs/conseils-par-pays/tchad/#entree
Togo,Visa à l’arrivée,,7 jours,7,–,,,http://www.consulatogo.org/,https://www.diplomatie.gouv.fr/fr/conseils-aux-voyageurs/conseils-par-pays/togo/#entree
Togo,Visa simple entrée,,15 jours,15,15 jours,35€,,http://www.consulatogo.org/,https://www.diplomatie.gouv.fr/fr/conseils-aux-voyageurs/conseils-par-pays/togo/#entree
Togo,Visa simple entrée,,30 jours,30,30 jours,45€,,http://www.consulatogo.org/,https://www.diplomatie.gouv.fr/fr/conseils-aux-voyageurs/conseils-par-pays/togo/#entree
Togo,Visa simple entrée,,90 jours,90,90 jours,55€,,http://www.consulatogo.org/,https://www.diplomatie.gouv.fr/fr/conseils-aux-voyageurs/conseils-par-pays/togo/#entree
Togo,Visa multi-entrées,,15 jours,15,15 jours,75€,,http://www.consulatogo.org/,https://www.diplomatie.gouv.fr/fr/conseils-aux-voyageurs/conseils-par-pays/togo/#entree
Togo,Visa multi-entrées,,30 jours,30,30 jours,75€,,http://www.consulatogo.org/,https://www.diplomatie.gouv.fr/fr/conseils-aux-voyageurs/conseils-par-pays/togo/#entree
Togo,Visa multi-entrées,,90 jours,90,90 jours,105€,,http://www.consulatogo.org/,https://www.diplomatie.gouv.fr/fr/conseils-aux-voyageurs/conseils-par-pays/togo/#entree
Tunisie,Exemption de visa,,90 jours,90,–,Gratuit,,http://www.cgt-paris.diplomatie.gov.tn/,https://www.diplomatie.gouv.fr/fr/conseils-aux-voyageurs/conseils-par-pays/tunisie/#entree
Zambie,E-visa simple entrée,,90 jours,90,90 jours,50 $,http://evisa.zambiaimmigration.gov.zm/#/,,https://www.diplomatie.gouv.fr/fr/conseils-aux-voyageurs/conseils-par-pays/zambie/#entree
Zambie,E-visa multi-entrées,,90 jours,90,90 jours,80 $,http://evisa.zambiaimmigration.gov.zm/#/,,https://www.diplomatie.gouv.fr/fr/conseils-aux-voyageurs/conseils-par-pays/zambie/#entree
Zimbabwe,Visa simple entrée à l’arrivée,,30 jours,30,90 jours,30 $,http://www.evisa.gov.zw/,http://www.zimparis.gov.zw/index.php/consular,https://www.diplomatie.gouv.fr/fr/conseils-aux-voyageurs/conseils-par-pays/zimbabwe/#entree
Zimbabwe,Visa double entrée à l’arrivée,,30 jours,30,90 jours,45 $,http://www.evisa.gov.zw/,http://www.zimparis.gov.zw/index.php/consular,https://www.diplomatie.gouv.fr/fr/conseils-aux-voyageurs/conseils-par-pays/zimbabwe/#entree
Albanie,Exemption de visa,,90 jours,90,–,Gratuit,,,https://www.diplomatie.gouv.fr/fr/conseils-aux-voyageurs/conseils-par-pays/albanie/#entree
Allemagne,Libre circulation,,Pas de limite,,–,Gratuit,,,https://www.diplomatie.gouv.fr/fr/conseils-aux-voyageurs/conseils-par-pays/allemagne/#entree
Andorre,Exemption de visa,,90 jours,90,–,Gratuit,,,https://www.diplomatie.gouv.fr/fr/conseils-aux-voyageurs/conseils-par-pays/andorre/#entree
Autriche,Libre circulation,,Pas de limite,,–,Gratuit,,,https://www.diplomatie.gouv.fr/fr/conseils-aux-voyageurs/conseils-par-pays/autriche/#entree
Belgique,Libre circulation,,Pas de limite,,–,Gratuit,,,https://www.diplomatie.gouv.fr/fr/conseils-aux-voyageurs/conseils-par-pays/belgique/#entree
Biélorussie,Exemption de visa,,5 jours,5,–,Gratuit,,http://france.mfa.gov.by/fr/consular_issues/visas/,https://www.diplomatie.gouv.fr/fr/conseils-aux-voyageurs/conseils-par-pays/bielorussie/#entree
Biélorussie,Visa simple entrée,,30 jours,30,Selon dates demandées,60€,,http://france.mfa.gov.by/fr/consular_issues/visas/,https://www.diplomatie.gouv.fr/fr/conseils-aux-voyageurs/conseils-par-pays/bielorussie/#entree
Biélorussie,Visa multi-entrées,,30 jours,30,Selon dates demandées,90€,,http://france.mfa.gov.by/fr/consular_issues/visas/,https://www.diplomatie.gouv.fr/fr/conseils-aux-voyageurs/conseils-par-pays/bielorussie/#entree
Bosnie-Herzégovine,Exemption de visa,,90 jours,90,–,Gratuit,,,https://www.diplomatie.gouv.fr/fr/conseils-aux-voyageurs/conseils-par-pays/bosnie-herzegovine/#entree
Bulgarie,Libre circulation,,Pas de limite,,–,Gratuit,,,https://www.diplomatie.gouv.fr/fr/conseils-aux-voyageurs/conseils-par-pays/bulgarie/#entree
Chypre,Libre circulation,,Pas de limite,,–,Gratuit,,,https://www.diplomatie.gouv.fr/fr/conseils-aux-voyageurs/conseils-par-pays/chypre/#entree
Croatie,Libre circulation,,Pas de limite,,–,Gratuit,,,https://www.diplomatie.gouv.fr/fr/conseils-aux-voyageurs/conseils-par-pays/croatie/#entree
Danemark,Libre circulation,,Pas de limite,,–,Gratuit,,,https://www.diplomatie.gouv.fr/fr/conseils-aux-voyageurs/conseils-par-pays/danemark/#entree
Espagne,Libre circulation,,Pas de limite,,–,Gratuit,,,https://www.diplomatie.gouv.fr/fr/conseils-aux-voyageurs/conseils-par-pays/espagne/#entree
Estonie,Libre circulation,,Pas de limite,,–,Gratuit,,,https://www.diplomatie.gouv.fr/fr/conseils-aux-voyageurs/conseils-par-pays/estonie/#entree
Finlande,Libre circulation,,Pas de limite,,–,Gratuit,,,https://www.diplomatie.gouv.fr/fr/conseils-aux-voyageurs/conseils-par-pays/finlande/#entree
Grèce,Libre circulation,,Pas de limite,,–,Gratuit,,,https://www.diplomatie.gouv.fr/fr/conseils-aux-voyageurs/conseils-par-pays/grece/#entree
Hongrie,Libre circulation,,Pas de limite,,–,Gratuit,,,https://www.diplomatie.gouv.fr/fr/conseils-aux-voyageurs/conseils-par-pays/hongrie/#entree
Irlande,Libre circulation,,Pas de limite,,–,Gratuit,,,https://www.diplomatie.gouv.fr/fr/conseils-aux-voyageurs/conseils-par-pays/irlande/#entree
Islande,Libre circulation,,Pas de limite,,–,Gratuit,,,https://www.diplomatie.gouv.fr/fr/conseils-aux-voyageurs/conseils-par-pays/islande/#entree
Italie,Libre circulation,,Pas de limite,,–,Gratuit,,,https://www.diplomatie.gouv.fr/fr/conseils-aux-voyageurs/conseils-par-pays/italie/#entree
Lettonie,Libre circulation,,Pas de limite,,–,Gratuit,,,https://www.diplomatie.gouv.fr/fr/conseils-aux-voyageurs/conseils-par-pays/lettonie/#entree
Liechtenstein,Libre circulation,,Pas de limite,,–,Gratuit,,,https://www.diplomatie.gouv.fr/fr/conseils-aux-voyageurs/conseils-par-pays/liechtenstein/#entree
Lituanie,Libre circulation,,Pas de limite,,–,Gratuit,,,https://www.diplomatie.gouv.fr/fr/conseils-aux-voyageurs/conseils-par-pays/lituanie/#entree
Luxembourg,Libre circulation,,Pas de limite,,–,Gratuit,,,https://www.diplomatie.gouv.fr/fr/conseils-aux-voyageurs/conseils-par-pays/luxembourg/#entree
Macédoine,Exemption de visa,,90 jours,90,–,Gratuit,,,https://www.diplomatie.gouv.fr/fr/conseils-aux-voyageurs/conseils-par-pays/ancienne-republique-yougoslave-de-macedoine-arym/#entree
Malte,Libre circulation,,Pas de limite,,–,Gratuit,,,https://www.diplomatie.gouv.fr/fr/conseils-aux-voyageurs/conseils-par-pays/malte/#entree
Moldavie,Exemption de visa,,90 jours,90,–,Gratuit,,,https://www.diplomatie.gouv.fr/fr/conseils-aux-voyageurs/conseils-par-pays/moldavie/#entree
Monaco,Exemption de visa,,90 jours,90,–,Gratuit,,,https://www.diplomatie.gouv.fr/fr/conseils-aux-voyageurs/conseils-par-pays/monaco/#entree
Monténégro,Exemption de visa,,90 jours,90,–,Gratuit,,,https://www.diplomatie.gouv.fr/fr/conseils-aux-voyageurs/conseils-par-pays/montenegro/#entree
Norvège,Libre circulation,,Pas de limite,,–,Gratuit,,,https://www.diplomatie.gouv.fr/fr/conseils-aux-voyageurs/conseils-par-pays/norvege/#entree
Pays-Bas,Libre circulation,,Pas de limite,,–,Gratuit,,,https://www.diplomatie.gouv.fr/fr/conseils-aux-voyageurs/conseils-par-pays/pays-bas/#entree
Pologne,Libre circulation,,Pas de limite,,–,Gratuit,,,https://www.diplomatie.gouv.fr/fr/conseils-aux-voyageurs/conseils-par-pays/pologne/#entree
Portugal,Libre circulation,,Pas de limite,,–,Gratuit,,,https://www.diplomatie.gouv.fr/fr/conseils-aux-voyageurs/conseils-par-pays/portugal/#entree
République tchèque,Libre circulation,,Pas de limite,,–,Gratuit,,,https://www.diplomatie.gouv.fr/fr/conseils-aux-voyageurs/conseils-par-pays/republique-tcheque/#entree
Roumanie,Libre circulation,,Pas de limite,,–,Gratuit,,,https://www.diplomatie.gouv.fr/fr/conseils-aux-voyageurs/conseils-par-pays/roumanie/#entree
Royaume-Uni,Libre circulation,,Pas de limite,,–,Gratuit,,,https://www.diplomatie.gouv.fr/fr/conseils-aux-voyageurs/conseils-par-pays/royaume-uni/#entree
Russie,Visa simple entrée,"Vous devez au préalable obtenir une invitation (payante) émanant d’un répondant russe (particulier, société, agent de tourisme, hôtel, institution). La demande et le retrait du visa se font à un centre de visas pour la Russie (VHS)",30 jours,30,30 jours,65€,https://vhs-france.com/,http://ambassade-de-russie.fr/index.php/fr/informations-consulaires/visas,https://www.diplomatie.gouv.fr/fr/conseils-aux-voyageurs/conseils-par-pays/russie/#entree
Serbie,Exemption de visa,,90 jours,90,–,Gratuit,,,https://www.diplomatie.gouv.fr/fr/conseils-aux-voyageurs/conseils-par-pays/serbie/#entree
Slovaquie,Libre circulation,,Pas de limite,,–,Gratuit,,,https://www.diplomatie.gouv.fr/fr/conseils-aux-voyageurs/conseils-par-pays/slovaquie/#entree
Slovénie,Libre circulation,,Pas de limite,,–,Gratuit,,,https://www.diplomatie.gouv.fr/fr/conseils-aux-voyageurs/conseils-par-pays/slovenie/#entree
Suède,Libre circulation,,Pas de limite,,–,Gratuit,,,https://www.diplomatie.gouv.fr/fr/conseils-aux-voyageurs/conseils-par-pays/suede/#entree
Suisse,Libre circulation,,Pas de limite,,–,Gratuit,,,https://www.diplomatie.gouv.fr/fr/conseils-aux-voyageurs/conseils-par-pays/suisse/#entree
Ukraine,Exemption de visa,,90 jours,90,–,Gratuit,,,https://www.diplomatie.gouv.fr/fr/conseils-aux-voyageurs/conseils-par-pays/ukraine/#entree
Australie,E-visa multi-entrées (eVisitor),,90 jours,90,1 an,Gratuit,https://immi.homeaffairs.gov.au/visas/getting-a-visa/visa-listing/evisitor-651,https://france.embassy.gov.au/parifrancais/Visas_and_Migration.html,https://www.diplomatie.gouv.fr/fr/conseils-aux-voyageurs/conseils-par-pays/australie/#entree
Australie,Visitor visa,,6 mois,180,6 mois,140 AU$,https://immi.homeaffairs.gov.au/visas/getting-a-visa/visa-listing/evisitor-651,https://france.embassy.gov.au/parifrancais/Visas_and_Migration.html,https://www.diplomatie.gouv.fr/fr/conseils-aux-voyageurs/conseils-par-pays/australie/#entree
Australie,Visitor visa,,1 an,364,1 an,340 AU$,https://immi.homeaffairs.gov.au/visas/getting-a-visa/visa-listing/evisitor-651,https://france.embassy.gov.au/parifrancais/Visas_and_Migration.html,https://www.diplomatie.gouv.fr/fr/conseils-aux-voyageurs/conseils-par-pays/australie/#entree
Îles Cook,Exemption de visa,,30 jours,30,–,Gratuit,,,https://www.diplomatie.gouv.fr/fr/conseils-aux-voyageurs/conseils-par-pays/iles-cook/#entree
Fidji,Exemption de visa,,4 mois,120,–,Gratuit,,http://www.immigration.gov.fj/,https://www.diplomatie.gouv.fr/fr/conseils-aux-voyageurs/conseils-par-pays/iles-fidji/#entree
Îles Salomon,Exemption de visa,,90 jours,90,–,Gratuit,,,https://www.diplomatie.gouv.fr/fr/conseils-aux-voyageurs/conseils-par-pays/iles-salomon/#entree
Nouvelle-Zélande,E-visa multi-entrées (NZeTA),,90 jours,90,2 ans,"12 $NZ sur le site, 9 $NZ sur l’appli + 35 $NZ de taxe touristique",https://www.immigration.govt.nz/new-zealand-visas/apply-for-a-visa/about-visa/nzeta,https://www.mfat.govt.nz/fr/countries-and-regions/europe/france/new-zealand-embassy/visas/,https://www.diplomatie.gouv.fr/fr/conseils-aux-voyageurs/conseils-par-pays/nouvelle-zelande/#entree
Papouasie-Nouvelle-Guinée,Visa à l’arrivée,,60 jours,60,–,26€,,,https://www.diplomatie.gouv.fr/fr/conseils-aux-voyageurs/conseils-par-pays/papouasie-nouvelle-guinee/#entree
Palaos,Exemption de visa,,30 jours,30,–,Gratuit,,,https://www.diplomatie.gouv.fr/fr/conseils-aux-voyageurs/conseils-par-pays/republique-des-palaos-12207/#entree
Samoa,Exemption de visa,,90 jours,90,180 jours,Gratuit,,,https://www.diplomatie.gouv.fr/fr/conseils-aux-voyageurs/conseils-par-pays/samoa/#entree
Tonga,Exemption de visa,,31 jours,31,–,Gratuit,,,https://www.diplomatie.gouv.fr/fr/conseils-aux-voyageurs/conseils-par-pays/tonga/#entree
Vanuatu,Exemption de visa,,90 jours,90,–,Gratuit,,,https://www.diplomatie.gouv.fr/fr/conseils-aux-voyageurs/conseils-par-pays/vanuatu/#entree
